{
  "top_5_by_shap": {
    "V14": 0.8046579959782068,
    "V4": 0.5288190806094346,
    "V8": 0.31998039356802505,
    "V10": 0.2046903802151836,
    "V12": 0.1286647821172971
  },
  "top_5_by_gain": {
    "V4": 336.0,
    "V14": 299.0,
    "V8": 241.0,
    "Hour": 193.0,
    "V26": 173.0
  },
  "spearman_correlation": 0.999888759107504,
  "production_model": "lgbm_smote.pkl",
  "threshold": 0.5,
  "n_test": 56746,
  "n_fn": 19,
  "n_tp": 76,
  "visualization_sample_size": 3088
}