{
  "\u041c\u043e\u0434\u0435\u043b\u044c": "LightGBM + Optuna + threshold",
  "PR-AUC": 0.8145,
  "Recall": 0.7684,
  "Precision": 0.869,
  "F1": 0.8156,
  "Business loss": 2739.0,
  "threshold": 0.6900000000000001,
  "best_params": {
    "learning_rate": 0.010538839589574864,
    "num_leaves": 81,
    "max_depth": 9,
    "min_child_samples": 85,
    "subsample": 0.6321260055246096,
    "colsample_bytree": 0.6310730628877679,
    "reg_alpha": 0.8472095709273872,
    "reg_lambda": 0.6908500217547474,
    "n_estimators": 3000,
    "is_unbalance": true,
    "random_state": 42,
    "n_jobs": -1,
    "verbose": -1
  }
}