{
  "learning_rate": 0.010538839589574864,
  "num_leaves": 81,
  "max_depth": 9,
  "min_child_samples": 85,
  "subsample": 0.6321260055246096,
  "colsample_bytree": 0.6310730628877679,
  "reg_alpha": 0.8472095709273872,
  "reg_lambda": 0.6908500217547474,
  "n_estimators": 3000,
  "is_unbalance": true,
  "random_state": 42,
  "n_jobs": -1,
  "verbose": -1
}