{
  "best_model": "LogisticRegression_balanced",
  "roc_auc": 0.9624639877216828,
  "pr_auc": 0.6740012042251681,
  "recall": 0.8736842105263158,
  "precision": 0.05489417989417989,
  "f1": 0.10329807093963908,
  "business_loss": 8609.0,
  "frauds_caught": 83,
  "false_positives": 1429,
  "false_negatives": 12,
  "savings_vs_naive": -3806.0
}