{
  "best_model_name": "LightGBM (is_unbalance)",
  "roc_auc": 0.9277846166138191,
  "pr_auc": 0.792604163193425,
  "recall": 0.7789473684210526,
  "precision": 0.7551020408163265,
  "f1": 0.7668393782383419,
  "fn": 21,
  "fp": 24,
  "business_loss": 2682.0,
  "pr_auc_improvement_vs_logreg_pct": 17.59684674519282,
  "business_loss_savings_vs_logreg": 5927.0
}